Geo_FIPS,Geo_QName,Geo_FILEID,Geo_STUSAB,Geo_SUMLEV,Geo_GEOCOMP,Geo_LOGRECNO,Geo_US,Geo_REGION,Geo_DIVISION,Geo_STATECE,Geo_STATE,Geo_COUNTY,Geo_COUSUB,Geo_PLACE,Geo_TRACT,Geo_BLKGRP,Geo_CONCIT,Geo_AIANHH,Geo_AIANHHFP,Geo_AIHHTLI,Geo_AITSCE,Geo_AITS,Geo_ANRC,Geo_CBSA,Geo_CSA,Geo_METDIV,Geo_MACC,Geo_MEMI,Geo_NECTA,Geo_CNECTA,Geo_NECTADIV,Geo_UA,Geo_UACP,Geo_CDCURR,Geo_SLDU,Geo_SLDL,Geo_VTD,Geo_ZCTA3,Geo_ZCTA5,Geo_SUBMCD,Geo_SDELM,Geo_SDSEC,Geo_SDUNI,Geo_UR,Geo_PCI,Geo_TAZ,Geo_UGA,Geo_PUMA5,Geo_PUMA1,Geo_GEOID,Geo_NAME,Geo_BTTR,Geo_BTBG,Geo_PLACESE,SE_B17008_001,SE_B17008_002,SE_B17008_003,SE_B17008_004,SE_B17008_005,SE_B17008_006,SE_B17008_007,SE_B17008_008,SE_B17008_009,SE_B17008_010,SE_B17008_011,SE_B17008_012,SE_B17008_013,SE_B17008_014,PCT_SE_B17008_002,PCT_SE_B17008_003,PCT_SE_B17008_004,PCT_SE_B17008_005,PCT_SE_B17008_006,PCT_SE_B17008_007,PCT_SE_B17008_008,PCT_SE_B17008_009,PCT_SE_B17008_010,PCT_SE_B17008_011,PCT_SE_B17008_012,PCT_SE_B17008_013,PCT_SE_B17008_014
"06107000101","Census Tract 1.01, Tulare County, California","ACSSF","ca","140","00","0011564",,,,,"06","107",,,"000101",,,,,,,,,,,,,,,,,,,,,,,,,,,,,,,,,,,"14000US06107000101","Census Tract 1.01",,,,1125,360,320,0,49,14,20,42,46,150,0,54,45,25,32,28.44,0,4.36,1.24,1.78,3.73,4.09,13.33,0,4.8,4,2.22
"06107000102","Census Tract 1.02, Tulare County, California","ACSSF","ca","140","00","0011565",,,,,"06","107",,,"000102",,,,,,,,,,,,,,,,,,,,,,,,,,,,,,,,,,,"14000US06107000102","Census Tract 1.02",,,,919,160,114,0,0,43,113,0,80,109,110,60,50,80,17.41,12.4,0,0,4.68,12.3,0,8.71,11.86,11.97,6.53,5.44,8.71
"06107000202","Census Tract 2.02, Tulare County, California","ACSSF","ca","140","00","0011566",,,,,"06","107",,,"000202",,,,,,,,,,,,,,,,,,,,,,,,,,,,,,,,,,,"14000US06107000202","Census Tract 2.02",,,,834,79,21,66,0,4,0,11,71,29,356,27,51,119,9.47,2.52,7.91,0,0.48,0,1.32,8.51,3.48,42.69,3.24,6.12,14.27
"06107000203","Census Tract 2.03, Tulare County, California","ACSSF","ca","140","00","0011567",,,,,"06","107",,,"000203",,,,,,,,,,,,,,,,,,,,,,,,,,,,,,,,,,,"14000US06107000203","Census Tract 2.03",,,,1744,133,101,151,0,27,111,11,54,158,372,377,41,208,7.63,5.79,8.66,0,1.55,6.36,0.63,3.1,9.06,21.33,21.62,2.35,11.93
"06107000204","Census Tract 2.04, Tulare County, California","ACSSF","ca","140","00","0011568",,,,,"06","107",,,"000204",,,,,,,,,,,,,,,,,,,,,,,,,,,,,,,,,,,"14000US06107000204","Census Tract 2.04",,,,1658,65,76,0,0,39,48,10,223,291,375,56,272,203,3.92,4.58,0,0,2.35,2.9,0.6,13.45,17.55,22.62,3.38,16.41,12.24
"06107000302","Census Tract 3.02, Tulare County, California","ACSSF","ca","140","00","0011569",,,,,"06","107",,,"000302",,,,,,,,,,,,,,,,,,,,,,,,,,,,,,,,,,,"14000US06107000302","Census Tract 3.02",,,,1005,81,52,47,0,44,51,4,38,86,372,77,38,115,8.06,5.17,4.68,0,4.38,5.07,0.4,3.78,8.56,37.01,7.66,3.78,11.44
"06107000303","Census Tract 3.03, Tulare County, California","ACSSF","ca","140","00","0011570",,,,,"06","107",,,"000303",,,,,,,,,,,,,,,,,,,,,,,,,,,,,,,,,,,"14000US06107000303","Census Tract 3.03",,,,1446,332,178,11,40,139,24,20,138,38,100,101,140,185,22.96,12.31,0.76,2.77,9.61,1.66,1.38,9.54,2.63,6.92,6.98,9.68,12.79
"06107000304","Census Tract 3.04, Tulare County, California","ACSSF","ca","140","00","0011571",,,,,"06","107",,,"000304",,,,,,,,,,,,,,,,,,,,,,,,,,,,,,,,,,,"14000US06107000304","Census Tract 3.04",,,,1020,66,190,28,22,27,50,0,20,63,259,42,69,184,6.47,18.63,2.75,2.16,2.65,4.9,0,1.96,6.18,25.39,4.12,6.76,18.04
"06107000401","Census Tract 4.01, Tulare County, California","ACSSF","ca","140","00","0011572",,,,,"06","107",,,"000401",,,,,,,,,,,,,,,,,,,,,,,,,,,,,,,,,,,"14000US06107000401","Census Tract 4.01",,,,2638,215,628,83,95,78,139,119,108,273,144,251,142,363,8.15,23.81,3.15,3.6,2.96,5.27,4.51,4.09,10.35,5.46,9.51,5.38,13.76
"06107000402","Census Tract 4.02, Tulare County, California","ACSSF","ca","140","00","0011573",,,,,"06","107",,,"000402",,,,,,,,,,,,,,,,,,,,,,,,,,,,,,,,,,,"14000US06107000402","Census Tract 4.02",,,,3109,123,697,55,0,247,84,35,368,213,630,70,195,392,3.96,22.42,1.77,0,7.94,2.7,1.13,11.84,6.85,20.26,2.25,6.27,12.61
"06107000501","Census Tract 5.01, Tulare County, California","ACSSF","ca","140","00","0011574",,,,,"06","107",,,"000501",,,,,,,,,,,,,,,,,,,,,,,,,,,,,,,,,,,"14000US06107000501","Census Tract 5.01",,,,2274,101,211,111,0,63,67,18,156,171,741,175,117,343,4.44,9.28,4.88,0,2.77,2.95,0.79,6.86,7.52,32.59,7.7,5.15,15.08
"06107000502","Census Tract 5.02, Tulare County, California","ACSSF","ca","140","00","0011575",,,,,"06","107",,,"000502",,,,,,,,,,,,,,,,,,,,,,,,,,,,,,,,,,,"14000US06107000502","Census Tract 5.02",,,,1714,128,363,25,19,56,33,4,169,146,162,124,135,350,7.47,21.18,1.46,1.11,3.27,1.93,0.23,9.86,8.52,9.45,7.23,7.88,20.42
"06107000600","Census Tract 6, Tulare County, California","ACSSF","ca","140","00","0011576",,,,,"06","107",,,"000600",,,,,,,,,,,,,,,,,,,,,,,,,,,,,,,,,,,"14000US06107000600","Census Tract 6",,,,2630,250,121,17,14,119,31,9,187,212,788,92,281,509,9.51,4.6,0.65,0.53,4.52,1.18,0.34,7.11,8.06,29.96,3.5,10.68,19.35
"06107000701","Census Tract 7.01, Tulare County, California","ACSSF","ca","140","00","0011577",,,,,"06","107",,,"000701",,,,,,,,,,,,,,,,,,,,,,,,,,,,,,,,,,,"14000US06107000701","Census Tract 7.01",,,,931,61,128,14,65,21,35,7,117,25,204,97,69,88,6.55,13.75,1.5,6.98,2.26,3.76,0.75,12.57,2.69,21.91,10.42,7.41,9.45
"06107000702","Census Tract 7.02, Tulare County, California","ACSSF","ca","140","00","0011578",,,,,"06","107",,,"000702",,,,,,,,,,,,,,,,,,,,,,,,,,,,,,,,,,,"14000US06107000702","Census Tract 7.02",,,,2033,70,283,114,52,119,94,0,159,132,298,97,155,460,3.44,13.92,5.61,2.56,5.85,4.62,0,7.82,6.49,14.66,4.77,7.62,22.63
"06107000801","Census Tract 8.01, Tulare County, California","ACSSF","ca","140","00","0011579",,,,,"06","107",,,"000801",,,,,,,,,,,,,,,,,,,,,,,,,,,,,,,,,,,"14000US06107000801","Census Tract 8.01",,,,1737,53,277,33,38,95,12,72,188,118,260,245,94,252,3.05,15.95,1.9,2.19,5.47,0.69,4.15,10.82,6.79,14.97,14.1,5.41,14.51
"06107000802","Census Tract 8.02, Tulare County, California","ACSSF","ca","140","00","0011580",,,,,"06","107",,,"000802",,,,,,,,,,,,,,,,,,,,,,,,,,,,,,,,,,,"14000US06107000802","Census Tract 8.02",,,,1116,281,139,73,43,52,3,0,50,126,184,72,47,46,25.18,12.46,6.54,3.85,4.66,0.27,0,4.48,11.29,16.49,6.45,4.21,4.12
"06107000901","Census Tract 9.01, Tulare County, California","ACSSF","ca","140","00","0011581",,,,,"06","107",,,"000901",,,,,,,,,,,,,,,,,,,,,,,,,,,,,,,,,,,"14000US06107000901","Census Tract 9.01",,,,2665,101,191,44,68,187,122,80,218,185,520,429,125,395,3.79,7.17,1.65,2.55,7.02,4.58,3,8.18,6.94,19.51,16.1,4.69,14.82
"06107000902","Census Tract 9.02, Tulare County, California","ACSSF","ca","140","00","0011582",,,,,"06","107",,,"000902",,,,,,,,,,,,,,,,,,,,,,,,,,,,,,,,,,,"14000US06107000902","Census Tract 9.02",,,,940,155,115,107,5,32,0,42,109,60,151,104,0,60,16.49,12.23,11.38,0.53,3.4,0,4.47,11.6,6.38,16.06,11.06,0,6.38
"06107001005","Census Tract 10.05, Tulare County, California","ACSSF","ca","140","00","0011583",,,,,"06","107",,,"001005",,,,,,,,,,,,,,,,,,,,,,,,,,,,,,,,,,,"14000US06107001005","Census Tract 10.05",,,,1404,172,516,85,114,70,69,20,88,176,3,39,24,28,12.25,36.75,6.05,8.12,4.99,4.91,1.42,6.27,12.54,0.21,2.78,1.71,1.99
"06107001006","Census Tract 10.06, Tulare County, California","ACSSF","ca","140","00","0011584",,,,,"06","107",,,"001006",,,,,,,,,,,,,,,,,,,,,,,,,,,,,,,,,,,"14000US06107001006","Census Tract 10.06",,,,2312,272,486,80,0,215,39,133,248,164,140,77,109,349,11.76,21.02,3.46,0,9.3,1.69,5.75,10.73,7.09,6.06,3.33,4.71,15.1
"06107001007","Census Tract 10.07, Tulare County, California","ACSSF","ca","140","00","0011585",,,,,"06","107",,,"001007",,,,,,,,,,,,,,,,,,,,,,,,,,,,,,,,,,,"14000US06107001007","Census Tract 10.07",,,,1743,299,905,0,46,97,0,54,63,0,154,0,0,125,17.15,51.92,0,2.64,5.57,0,3.1,3.61,0,8.84,0,0,7.17
"06107001008","Census Tract 10.08, Tulare County, California","ACSSF","ca","140","00","0011586",,,,,"06","107",,,"001008",,,,,,,,,,,,,,,,,,,,,,,,,,,,,,,,,,,"14000US06107001008","Census Tract 10.08",,,,2112,431,441,26,144,63,227,0,92,463,0,164,5,56,20.41,20.88,1.23,6.82,2.98,10.75,0,4.36,21.92,0,7.77,0.24,2.65
"06107001009","Census Tract 10.09, Tulare County, California","ACSSF","ca","140","00","0011587",,,,,"06","107",,,"001009",,,,,,,,,,,,,,,,,,,,,,,,,,,,,,,,,,,"14000US06107001009","Census Tract 10.09",,,,1641,138,149,67,61,111,62,99,103,125,287,146,143,150,8.41,9.08,4.08,3.72,6.76,3.78,6.03,6.28,7.62,17.49,8.9,8.71,9.14
"06107001010","Census Tract 10.10, Tulare County, California","ACSSF","ca","140","00","0011588",,,,,"06","107",,,"001010",,,,,,,,,,,,,,,,,,,,,,,,,,,,,,,,,,,"14000US06107001010","Census Tract 10.10",,,,1433,21,103,33,26,109,154,83,103,106,125,150,211,209,1.47,7.19,2.3,1.81,7.61,10.75,5.79,7.19,7.4,8.72,10.47,14.72,14.58
"06107001011","Census Tract 10.11, Tulare County, California","ACSSF","ca","140","00","0011589",,,,,"06","107",,,"001011",,,,,,,,,,,,,,,,,,,,,,,,,,,,,,,,,,,"14000US06107001011","Census Tract 10.11",,,,4169,265,1042,0,103,323,161,69,211,936,0,392,388,279,6.36,24.99,0,2.47,7.75,3.86,1.66,5.06,22.45,0,9.4,9.31,6.69
"06107001012","Census Tract 10.12, Tulare County, California","ACSSF","ca","140","00","0011590",,,,,"06","107",,,"001012",,,,,,,,,,,,,,,,,,,,,,,,,,,,,,,,,,,"14000US06107001012","Census Tract 10.12",,,,4622,1236,1501,107,105,272,501,103,101,292,118,286,0,0,26.74,32.48,2.32,2.27,5.88,10.84,2.23,2.19,6.32,2.55,6.19,0,0
"06107001101","Census Tract 11.01, Tulare County, California","ACSSF","ca","140","00","0011591",,,,,"06","107",,,"001101",,,,,,,,,,,,,,,,,,,,,,,,,,,,,,,,,,,"14000US06107001101","Census Tract 11.01",,,,753,28,85,78,14,11,33,33,152,87,79,56,48,49,3.72,11.29,10.36,1.86,1.46,4.38,4.38,20.19,11.55,10.49,7.44,6.37,6.51
"06107001102","Census Tract 11.02, Tulare County, California","ACSSF","ca","140","00","0011592",,,,,"06","107",,,"001102",,,,,,,,,,,,,,,,,,,,,,,,,,,,,,,,,,,"14000US06107001102","Census Tract 11.02",,,,1457,162,116,75,3,131,166,17,198,27,118,125,140,179,11.12,7.96,5.15,0.21,8.99,11.39,1.17,13.59,1.85,8.1,8.58,9.61,12.29
"06107001200","Census Tract 12, Tulare County, California","ACSSF","ca","140","00","0011593",,,,,"06","107",,,"001200",,,,,,,,,,,,,,,,,,,,,,,,,,,,,,,,,,,"14000US06107001200","Census Tract 12",,,,414,15,102,10,0,49,6,7,40,74,0,29,15,67,3.62,24.64,2.42,0,11.84,1.45,1.69,9.66,17.87,0,7,3.62,16.18
"06107001303","Census Tract 13.03, Tulare County, California","ACSSF","ca","140","00","0011594",,,,,"06","107",,,"001303",,,,,,,,,,,,,,,,,,,,,,,,,,,,,,,,,,,"14000US06107001303","Census Tract 13.03",,,,1694,123,249,16,0,76,167,117,175,431,37,35,64,204,7.26,14.7,0.94,0,4.49,9.86,6.91,10.33,25.44,2.18,2.07,3.78,12.04
"06107001304","Census Tract 13.04, Tulare County, California","ACSSF","ca","140","00","0011595",,,,,"06","107",,,"001304",,,,,,,,,,,,,,,,,,,,,,,,,,,,,,,,,,,"14000US06107001304","Census Tract 13.04",,,,1891,280,610,0,87,94,60,28,147,77,171,230,0,107,14.81,32.26,0,4.6,4.97,3.17,1.48,7.77,4.07,9.04,12.16,0,5.66
"06107001305","Census Tract 13.05, Tulare County, California","ACSSF","ca","140","00","0011596",,,,,"06","107",,,"001305",,,,,,,,,,,,,,,,,,,,,,,,,,,,,,,,,,,"14000US06107001305","Census Tract 13.05",,,,879,47,61,35,0,119,0,0,72,60,0,217,165,103,5.35,6.94,3.98,0,13.54,0,0,8.19,6.83,0,24.69,18.77,11.72
"06107001306","Census Tract 13.06, Tulare County, California","ACSSF","ca","140","00","0011597",,,,,"06","107",,,"001306",,,,,,,,,,,,,,,,,,,,,,,,,,,,,,,,,,,"14000US06107001306","Census Tract 13.06",,,,2618,140,566,132,95,200,67,0,194,438,32,223,230,301,5.35,21.62,5.04,3.63,7.64,2.56,0,7.41,16.73,1.22,8.52,8.79,11.5
"06107001400","Census Tract 14, Tulare County, California","ACSSF","ca","140","00","0011598",,,,,"06","107",,,"001400",,,,,,,,,,,,,,,,,,,,,,,,,,,,,,,,,,,"14000US06107001400","Census Tract 14",,,,2287,308,172,38,47,214,38,117,394,310,200,191,61,197,13.47,7.52,1.66,2.06,9.36,1.66,5.12,17.23,13.55,8.75,8.35,2.67,8.61
"06107001501","Census Tract 15.01, Tulare County, California","ACSSF","ca","140","00","0011599",,,,,"06","107",,,"001501",,,,,,,,,,,,,,,,,,,,,,,,,,,,,,,,,,,"14000US06107001501","Census Tract 15.01",,,,2097,261,374,46,198,127,117,4,171,181,85,254,104,175,12.45,17.84,2.19,9.44,6.06,5.58,0.19,8.15,8.63,4.05,12.11,4.96,8.35
"06107001502","Census Tract 15.02, Tulare County, California","ACSSF","ca","140","00","0011600",,,,,"06","107",,,"001502",,,,,,,,,,,,,,,,,,,,,,,,,,,,,,,,,,,"14000US06107001502","Census Tract 15.02",,,,1816,172,418,121,21,98,97,68,126,86,54,222,199,134,9.47,23.02,6.66,1.16,5.4,5.34,3.74,6.94,4.74,2.97,12.22,10.96,7.38
"06107001601","Census Tract 16.01, Tulare County, California","ACSSF","ca","140","00","0011601",,,,,"06","107",,,"001601",,,,,,,,,,,,,,,,,,,,,,,,,,,,,,,,,,,"14000US06107001601","Census Tract 16.01",,,,1896,100,136,65,3,226,133,30,161,111,572,118,72,169,5.27,7.17,3.43,0.16,11.92,7.01,1.58,8.49,5.85,30.17,6.22,3.8,8.91
"06107001602","Census Tract 16.02, Tulare County, California","ACSSF","ca","140","00","0011602",,,,,"06","107",,,"001602",,,,,,,,,,,,,,,,,,,,,,,,,,,,,,,,,,,"14000US06107001602","Census Tract 16.02",,,,2327,100,173,203,32,176,118,67,221,231,439,144,171,252,4.3,7.43,8.72,1.38,7.56,5.07,2.88,9.5,9.93,18.87,6.19,7.35,10.83
"06107001701","Census Tract 17.01, Tulare County, California","ACSSF","ca","140","00","0011603",,,,,"06","107",,,"001701",,,,,,,,,,,,,,,,,,,,,,,,,,,,,,,,,,,"14000US06107001701","Census Tract 17.01",,,,2627,184,248,124,93,121,242,9,293,206,214,339,357,197,7,9.44,4.72,3.54,4.61,9.21,0.34,11.15,7.84,8.15,12.9,13.59,7.5
"06107001703","Census Tract 17.03, Tulare County, California","ACSSF","ca","140","00","0011604",,,,,"06","107",,,"001703",,,,,,,,,,,,,,,,,,,,,,,,,,,,,,,,,,,"14000US06107001703","Census Tract 17.03",,,,3720,474,841,79,102,0,109,128,670,632,0,277,103,305,12.74,22.61,2.12,2.74,0,2.93,3.44,18.01,16.99,0,7.45,2.77,8.2
"06107001705","Census Tract 17.05, Tulare County, California","ACSSF","ca","140","00","0011605",,,,,"06","107",,,"001705",,,,,,,,,,,,,,,,,,,,,,,,,,,,,,,,,,,"14000US06107001705","Census Tract 17.05",,,,1857,256,366,93,119,0,63,310,132,80,319,50,21,48,13.79,19.71,5.01,6.41,0,3.39,16.69,7.11,4.31,17.18,2.69,1.13,2.58
"06107001706","Census Tract 17.06, Tulare County, California","ACSSF","ca","140","00","0011606",,,,,"06","107",,,"001706",,,,,,,,,,,,,,,,,,,,,,,,,,,,,,,,,,,"14000US06107001706","Census Tract 17.06",,,,1981,317,491,95,154,104,2,0,279,134,0,159,129,117,16,24.79,4.8,7.77,5.25,0.1,0,14.08,6.76,0,8.03,6.51,5.91
"06107001800","Census Tract 18, Tulare County, California","ACSSF","ca","140","00","0011607",,,,,"06","107",,,"001800",,,,,,,,,,,,,,,,,,,,,,,,,,,,,,,,,,,"14000US06107001800","Census Tract 18",,,,2285,275,537,64,21,123,34,42,470,322,24,79,82,212,12.04,23.5,2.8,0.92,5.38,1.49,1.84,20.57,14.09,1.05,3.46,3.59,9.28
"06107001901","Census Tract 19.01, Tulare County, California","ACSSF","ca","140","00","0011608",,,,,"06","107",,,"001901",,,,,,,,,,,,,,,,,,,,,,,,,,,,,,,,,,,"14000US06107001901","Census Tract 19.01",,,,1687,177,290,101,19,132,67,45,168,277,0,161,45,205,10.49,17.19,5.99,1.13,7.82,3.97,2.67,9.96,16.42,0,9.54,2.67,12.15
"06107001902","Census Tract 19.02, Tulare County, California","ACSSF","ca","140","00","0011609",,,,,"06","107",,,"001902",,,,,,,,,,,,,,,,,,,,,,,,,,,,,,,,,,,"14000US06107001902","Census Tract 19.02",,,,2014,225,502,29,38,90,56,47,168,368,4,238,79,170,11.17,24.93,1.44,1.89,4.47,2.78,2.33,8.34,18.27,0.2,11.82,3.92,8.44
"06107002002","Census Tract 20.02, Tulare County, California","ACSSF","ca","140","00","0011610",,,,,"06","107",,,"002002",,,,,,,,,,,,,,,,,,,,,,,,,,,,,,,,,,,"14000US06107002002","Census Tract 20.02",,,,2119,296,522,51,94,139,85,192,284,100,33,96,96,131,13.97,24.63,2.41,4.44,6.56,4.01,9.06,13.4,4.72,1.56,4.53,4.53,6.18
"06107002003","Census Tract 20.03, Tulare County, California","ACSSF","ca","140","00","0011611",,,,,"06","107",,,"002003",,,,,,,,,,,,,,,,,,,,,,,,,,,,,,,,,,,"14000US06107002003","Census Tract 20.03",,,,2673,291,611,101,50,40,78,85,540,336,62,205,25,249,10.89,22.86,3.78,1.87,1.5,2.92,3.18,20.2,12.57,2.32,7.67,0.94,9.32
"06107002004","Census Tract 20.04, Tulare County, California","ACSSF","ca","140","00","0011612",,,,,"06","107",,,"002004",,,,,,,,,,,,,,,,,,,,,,,,,,,,,,,,,,,"14000US06107002004","Census Tract 20.04",,,,2414,305,654,48,50,210,0,65,428,229,109,168,23,125,12.63,27.09,1.99,2.07,8.7,0,2.69,17.73,9.49,4.52,6.96,0.95,5.18
"06107002006","Census Tract 20.06, Tulare County, California","ACSSF","ca","140","00","0011613",,,,,"06","107",,,"002006",,,,,,,,,,,,,,,,,,,,,,,,,,,,,,,,,,,"14000US06107002006","Census Tract 20.06",,,,2340,551,415,82,103,89,38,12,216,368,33,266,52,115,23.55,17.74,3.5,4.4,3.8,1.62,0.51,9.23,15.73,1.41,11.37,2.22,4.91
"06107002008","Census Tract 20.08, Tulare County, California","ACSSF","ca","140","00","0011614",,,,,"06","107",,,"002008",,,,,,,,,,,,,,,,,,,,,,,,,,,,,,,,,,,"14000US06107002008","Census Tract 20.08",,,,1226,75,121,63,0,90,102,24,20,358,52,73,8,240,6.12,9.87,5.14,0,7.34,8.32,1.96,1.63,29.2,4.24,5.95,0.65,19.58
"06107002009","Census Tract 20.09, Tulare County, California","ACSSF","ca","140","00","0011615",,,,,"06","107",,,"002009",,,,,,,,,,,,,,,,,,,,,,,,,,,,,,,,,,,"14000US06107002009","Census Tract 20.09",,,,2315,305,573,94,0,46,80,0,168,375,8,305,40,321,13.17,24.75,4.06,0,1.99,3.46,0,7.26,16.2,0.35,13.17,1.73,13.87
"06107002010","Census Tract 20.10, Tulare County, California","ACSSF","ca","140","00","0011616",,,,,"06","107",,,"002010",,,,,,,,,,,,,,,,,,,,,,,,,,,,,,,,,,,"14000US06107002010","Census Tract 20.10",,,,2479,413,507,42,114,5,0,79,458,368,13,85,206,189,16.66,20.45,1.69,4.6,0.2,0,3.19,18.48,14.84,0.52,3.43,8.31,7.62
"06107002011","Census Tract 20.11, Tulare County, California","ACSSF","ca","140","00","0011617",,,,,"06","107",,,"002011",,,,,,,,,,,,,,,,,,,,,,,,,,,,,,,,,,,"14000US06107002011","Census Tract 20.11",,,,1469,134,429,3,49,238,123,0,91,166,0,120,13,103,9.12,29.2,0.2,3.34,16.2,8.37,0,6.19,11.3,0,8.17,0.88,7.01
"06107002100","Census Tract 21, Tulare County, California","ACSSF","ca","140","00","0011618",,,,,"06","107",,,"002100",,,,,,,,,,,,,,,,,,,,,,,,,,,,,,,,,,,"14000US06107002100","Census Tract 21",,,,1122,165,158,47,32,52,19,7,30,103,281,67,35,126,14.71,14.08,4.19,2.85,4.63,1.69,0.62,2.67,9.18,25.04,5.97,3.12,11.23
"06107002202","Census Tract 22.02, Tulare County, California","ACSSF","ca","140","00","0011619",,,,,"06","107",,,"002202",,,,,,,,,,,,,,,,,,,,,,,,,,,,,,,,,,,"14000US06107002202","Census Tract 22.02",,,,1877,123,143,149,52,85,122,48,97,179,434,76,194,175,6.55,7.62,7.94,2.77,4.53,6.5,2.56,5.17,9.54,23.12,4.05,10.34,9.32
"06107002203","Census Tract 22.03, Tulare County, California","ACSSF","ca","140","00","0011620",,,,,"06","107",,,"002203",,,,,,,,,,,,,,,,,,,,,,,,,,,,,,,,,,,"14000US06107002203","Census Tract 22.03",,,,1847,96,295,85,33,82,70,21,278,149,161,139,261,177,5.2,15.97,4.6,1.79,4.44,3.79,1.14,15.05,8.07,8.72,7.53,14.13,9.58
"06107002204","Census Tract 22.04, Tulare County, California","ACSSF","ca","140","00","0011621",,,,,"06","107",,,"002204",,,,,,,,,,,,,,,,,,,,,,,,,,,,,,,,,,,"14000US06107002204","Census Tract 22.04",,,,2498,104,251,293,49,47,122,79,209,431,234,87,193,399,4.16,10.05,11.73,1.96,1.88,4.88,3.16,8.37,17.25,9.37,3.48,7.73,15.97
"06107002302","Census Tract 23.02, Tulare County, California","ACSSF","ca","140","00","0011622",,,,,"06","107",,,"002302",,,,,,,,,,,,,,,,,,,,,,,,,,,,,,,,,,,"14000US06107002302","Census Tract 23.02",,,,2281,187,511,40,69,52,115,63,125,334,52,179,222,332,8.2,22.4,1.75,3.02,2.28,5.04,2.76,5.48,14.64,2.28,7.85,9.73,14.56
"06107002303","Census Tract 23.03, Tulare County, California","ACSSF","ca","140","00","0011623",,,,,"06","107",,,"002303",,,,,,,,,,,,,,,,,,,,,,,,,,,,,,,,,,,"14000US06107002303","Census Tract 23.03",,,,2400,239,531,138,40,129,92,0,357,193,24,281,246,130,9.96,22.12,5.75,1.67,5.38,3.83,0,14.88,8.04,1,11.71,10.25,5.42
"06107002304","Census Tract 23.04, Tulare County, California","ACSSF","ca","140","00","0011624",,,,,"06","107",,,"002304",,,,,,,,,,,,,,,,,,,,,,,,,,,,,,,,,,,"14000US06107002304","Census Tract 23.04",,,,823,42,38,18,5,65,55,66,107,94,140,37,58,98,5.1,4.62,2.19,0.61,7.9,6.68,8.02,13,11.42,17.01,4.5,7.05,11.91
"06107002401","Census Tract 24.01, Tulare County, California","ACSSF","ca","140","00","0011625",,,,,"06","107",,,"002401",,,,,,,,,,,,,,,,,,,,,,,,,,,,,,,,,,,"14000US06107002401","Census Tract 24.01",,,,2385,437,415,145,195,28,41,76,110,420,0,186,119,213,18.32,17.4,6.08,8.18,1.17,1.72,3.19,4.61,17.61,0,7.8,4.99,8.93
"06107002402","Census Tract 24.02, Tulare County, California","ACSSF","ca","140","00","0011626",,,,,"06","107",,,"002402",,,,,,,,,,,,,,,,,,,,,,,,,,,,,,,,,,,"14000US06107002402","Census Tract 24.02",,,,2060,477,365,108,31,53,99,194,209,81,146,87,67,143,23.16,17.72,5.24,1.5,2.57,4.81,9.42,10.15,3.93,7.09,4.22,3.25,6.94
"06107002403","Census Tract 24.03, Tulare County, California","ACSSF","ca","140","00","0011627",,,,,"06","107",,,"002403",,,,,,,,,,,,,,,,,,,,,,,,,,,,,,,,,,,"14000US06107002403","Census Tract 24.03",,,,2947,187,542,39,133,88,159,0,437,383,102,159,278,440,6.35,18.39,1.32,4.51,2.99,5.4,0,14.83,13,3.46,5.4,9.43,14.93
"06107002500","Census Tract 25, Tulare County, California","ACSSF","ca","140","00","0011628",,,,,"06","107",,,"002500",,,,,,,,,,,,,,,,,,,,,,,,,,,,,,,,,,,"14000US06107002500","Census Tract 25",,,,1681,136,249,225,9,12,93,19,68,179,186,127,133,245,8.09,14.81,13.38,0.54,0.71,5.53,1.13,4.05,10.65,11.06,7.56,7.91,14.57
"06107002601","Census Tract 26.01, Tulare County, California","ACSSF","ca","140","00","0011629",,,,,"06","107",,,"002601",,,,,,,,,,,,,,,,,,,,,,,,,,,,,,,,,,,"14000US06107002601","Census Tract 26.01",,,,1392,112,108,193,9,155,222,11,8,138,147,114,127,48,8.05,7.76,13.86,0.65,11.14,15.95,0.79,0.57,9.91,10.56,8.19,9.12,3.45
"06107002602","Census Tract 26.02, Tulare County, California","ACSSF","ca","140","00","0011630",,,,,"06","107",,,"002602",,,,,,,,,,,,,,,,,,,,,,,,,,,,,,,,,,,"14000US06107002602","Census Tract 26.02",,,,2109,185,230,189,44,85,199,42,88,305,312,134,149,147,8.77,10.91,8.96,2.09,4.03,9.44,1.99,4.17,14.46,14.79,6.35,7.06,6.97
"06107002701","Census Tract 27.01, Tulare County, California","ACSSF","ca","140","00","0011631",,,,,"06","107",,,"002701",,,,,,,,,,,,,,,,,,,,,,,,,,,,,,,,,,,"14000US06107002701","Census Tract 27.01",,,,378,145,25,7,3,58,2,68,20,32,0,14,0,4,38.36,6.61,1.85,0.79,15.34,0.53,17.99,5.29,8.47,0,3.7,0,1.06
"06107002702","Census Tract 27.02, Tulare County, California","ACSSF","ca","140","00","0011632",,,,,"06","107",,,"002702",,,,,,,,,,,,,,,,,,,,,,,,,,,,,,,,,,,"14000US06107002702","Census Tract 27.02",,,,1495,181,316,14,201,109,33,65,123,176,24,51,130,72,12.11,21.14,0.94,13.44,7.29,2.21,4.35,8.23,11.77,1.61,3.41,8.7,4.82
"06107002800","Census Tract 28, Tulare County, California","ACSSF","ca","140","00","0011633",,,,,"06","107",,,"002800",,,,,,,,,,,,,,,,,,,,,,,,,,,,,,,,,,,"14000US06107002800","Census Tract 28",,,,918,144,88,22,36,3,25,34,28,112,176,93,77,80,15.69,9.59,2.4,3.92,0.33,2.72,3.7,3.05,12.2,19.17,10.13,8.39,8.71
"06107002901","Census Tract 29.01, Tulare County, California","ACSSF","ca","140","00","0011634",,,,,"06","107",,,"002901",,,,,,,,,,,,,,,,,,,,,,,,,,,,,,,,,,,"14000US06107002901","Census Tract 29.01",,,,1330,62,144,20,25,152,27,14,151,95,209,64,127,240,4.66,10.83,1.5,1.88,11.43,2.03,1.05,11.35,7.14,15.71,4.81,9.55,18.05
"06107002903","Census Tract 29.03, Tulare County, California","ACSSF","ca","140","00","0011635",,,,,"06","107",,,"002903",,,,,,,,,,,,,,,,,,,,,,,,,,,,,,,,,,,"14000US06107002903","Census Tract 29.03",,,,2498,264,297,112,35,291,54,92,225,346,78,361,84,259,10.57,11.89,4.48,1.4,11.65,2.16,3.68,9.01,13.85,3.12,14.45,3.36,10.37
"06107002904","Census Tract 29.04, Tulare County, California","ACSSF","ca","140","00","0011636",,,,,"06","107",,,"002904",,,,,,,,,,,,,,,,,,,,,,,,,,,,,,,,,,,"14000US06107002904","Census Tract 29.04",,,,2069,139,329,76,71,74,119,42,224,300,219,228,34,214,6.72,15.9,3.67,3.43,3.58,5.75,2.03,10.83,14.5,10.58,11.02,1.64,10.34
"06107003001","Census Tract 30.01, Tulare County, California","ACSSF","ca","140","00","0011637",,,,,"06","107",,,"003001",,,,,,,,,,,,,,,,,,,,,,,,,,,,,,,,,,,"14000US06107003001","Census Tract 30.01",,,,1596,84,184,72,5,148,105,0,149,67,247,233,172,130,5.26,11.53,4.51,0.31,9.27,6.58,0,9.34,4.2,15.48,14.6,10.78,8.15
"06107003002","Census Tract 30.02, Tulare County, California","ACSSF","ca","140","00","0011638",,,,,"06","107",,,"003002",,,,,,,,,,,,,,,,,,,,,,,,,,,,,,,,,,,"14000US06107003002","Census Tract 30.02",,,,1492,34,91,4,32,93,96,84,182,195,340,77,84,180,2.28,6.1,0.27,2.14,6.23,6.43,5.63,12.2,13.07,22.79,5.16,5.63,12.06
"06107003100","Census Tract 31, Tulare County, California","ACSSF","ca","140","00","0011639",,,,,"06","107",,,"003100",,,,,,,,,,,,,,,,,,,,,,,,,,,,,,,,,,,"14000US06107003100","Census Tract 31",,,,1363,150,106,20,22,78,24,49,78,91,374,140,52,179,11.01,7.78,1.47,1.61,5.72,1.76,3.6,5.72,6.68,27.44,10.27,3.82,13.13
"06107003201","Census Tract 32.01, Tulare County, California","ACSSF","ca","140","00","0011640",,,,,"06","107",,,"003201",,,,,,,,,,,,,,,,,,,,,,,,,,,,,,,,,,,"14000US06107003201","Census Tract 32.01",,,,1913,159,135,12,11,116,46,35,134,138,693,132,118,184,8.31,7.06,0.63,0.58,6.06,2.4,1.83,7,7.21,36.23,6.9,6.17,9.62
"06107003202","Census Tract 32.02, Tulare County, California","ACSSF","ca","140","00","0011641",,,,,"06","107",,,"003202",,,,,,,,,,,,,,,,,,,,,,,,,,,,,,,,,,,"14000US06107003202","Census Tract 32.02",,,,879,32,35,29,0,34,31,0,59,56,369,61,80,93,3.64,3.98,3.3,0,3.87,3.53,0,6.71,6.37,41.98,6.94,9.1,10.58
"06107003301","Census Tract 33.01, Tulare County, California","ACSSF","ca","140","00","0011642",,,,,"06","107",,,"003301",,,,,,,,,,,,,,,,,,,,,,,,,,,,,,,,,,,"14000US06107003301","Census Tract 33.01",,,,1320,134,91,64,0,50,69,0,171,184,194,203,66,94,10.15,6.89,4.85,0,3.79,5.23,0,12.95,13.94,14.7,15.38,5,7.12
"06107003302","Census Tract 33.02, Tulare County, California","ACSSF","ca","140","00","0011643",,,,,"06","107",,,"003302",,,,,,,,,,,,,,,,,,,,,,,,,,,,,,,,,,,"14000US06107003302","Census Tract 33.02",,,,833,205,118,4,25,33,88,58,66,59,71,21,38,47,24.61,14.17,0.48,3,3.96,10.56,6.96,7.92,7.08,8.52,2.52,4.56,5.64
"06107003401","Census Tract 34.01, Tulare County, California","ACSSF","ca","140","00","0011644",,,,,"06","107",,,"003401",,,,,,,,,,,,,,,,,,,,,,,,,,,,,,,,,,,"14000US06107003401","Census Tract 34.01",,,,1513,131,66,35,5,96,16,14,43,115,589,198,34,171,8.66,4.36,2.31,0.33,6.35,1.06,0.93,2.84,7.6,38.93,13.09,2.25,11.3
"06107003402","Census Tract 34.02, Tulare County, California","ACSSF","ca","140","00","0011645",,,,,"06","107",,,"003402",,,,,,,,,,,,,,,,,,,,,,,,,,,,,,,,,,,"14000US06107003402","Census Tract 34.02",,,,664,161,156,27,24,21,16,6,15,44,30,108,21,35,24.25,23.49,4.07,3.61,3.16,2.41,0.9,2.26,6.63,4.52,16.27,3.16,5.27
"06107003501","Census Tract 35.01, Tulare County, California","ACSSF","ca","140","00","0011646",,,,,"06","107",,,"003501",,,,,,,,,,,,,,,,,,,,,,,,,,,,,,,,,,,"14000US06107003501","Census Tract 35.01",,,,1116,151,307,30,72,23,43,31,134,144,37,72,20,52,13.53,27.51,2.69,6.45,2.06,3.85,2.78,12.01,12.9,3.32,6.45,1.79,4.66
"06107003503","Census Tract 35.03, Tulare County, California","ACSSF","ca","140","00","0011647",,,,,"06","107",,,"003503",,,,,,,,,,,,,,,,,,,,,,,,,,,,,,,,,,,"14000US06107003503","Census Tract 35.03",,,,2499,364,376,62,67,69,200,97,378,343,34,155,22,332,14.57,15.05,2.48,2.68,2.76,8,3.88,15.13,13.73,1.36,6.2,0.88,13.29
"06107003504","Census Tract 35.04, Tulare County, California","ACSSF","ca","140","00","0011648",,,,,"06","107",,,"003504",,,,,,,,,,,,,,,,,,,,,,,,,,,,,,,,,,,"14000US06107003504","Census Tract 35.04",,,,2853,359,499,71,222,42,147,99,303,233,424,269,68,117,12.58,17.49,2.49,7.78,1.47,5.15,3.47,10.62,8.17,14.86,9.43,2.38,4.1
"06107003601","Census Tract 36.01, Tulare County, California","ACSSF","ca","140","00","0011649",,,,,"06","107",,,"003601",,,,,,,,,,,,,,,,,,,,,,,,,,,,,,,,,,,"14000US06107003601","Census Tract 36.01",,,,3204,460,443,146,32,85,155,138,256,311,411,191,361,215,14.36,13.83,4.56,1,2.65,4.84,4.31,7.99,9.71,12.83,5.96,11.27,6.71
"06107003602","Census Tract 36.02, Tulare County, California","ACSSF","ca","140","00","0011650",,,,,"06","107",,,"003602",,,,,,,,,,,,,,,,,,,,,,,,,,,,,,,,,,,"14000US06107003602","Census Tract 36.02",,,,3786,289,807,146,308,148,36,260,194,445,447,77,101,528,7.63,21.32,3.86,8.14,3.91,0.95,6.87,5.12,11.75,11.81,2.03,2.67,13.95
"06107003700","Census Tract 37, Tulare County, California","ACSSF","ca","140","00","0011651",,,,,"06","107",,,"003700",,,,,,,,,,,,,,,,,,,,,,,,,,,,,,,,,,,"14000US06107003700","Census Tract 37",,,,2395,150,432,0,30,137,142,91,204,377,71,130,120,511,6.26,18.04,0,1.25,5.72,5.93,3.8,8.52,15.74,2.96,5.43,5.01,21.34
"06107003801","Census Tract 38.01, Tulare County, California","ACSSF","ca","140","00","0011652",,,,,"06","107",,,"003801",,,,,,,,,,,,,,,,,,,,,,,,,,,,,,,,,,,"14000US06107003801","Census Tract 38.01",,,,1236,60,450,76,10,0,17,0,43,194,106,73,27,180,4.85,36.41,6.15,0.81,0,1.38,0,3.48,15.7,8.58,5.91,2.18,14.56
"06107003802","Census Tract 38.02, Tulare County, California","ACSSF","ca","140","00","0011653",,,,,"06","107",,,"003802",,,,,,,,,,,,,,,,,,,,,,,,,,,,,,,,,,,"14000US06107003802","Census Tract 38.02",,,,1613,58,81,104,56,31,17,121,126,264,355,115,136,149,3.6,5.02,6.45,3.47,1.92,1.05,7.5,7.81,16.37,22.01,7.13,8.43,9.24
"06107003902","Census Tract 39.02, Tulare County, California","ACSSF","ca","140","00","0011654",,,,,"06","107",,,"003902",,,,,,,,,,,,,,,,,,,,,,,,,,,,,,,,,,,"14000US06107003902","Census Tract 39.02",,,,2264,409,195,115,71,147,40,67,136,128,278,234,97,347,18.07,8.61,5.08,3.14,6.49,1.77,2.96,6.01,5.65,12.28,10.34,4.28,15.33
"06107003903","Census Tract 39.03, Tulare County, California","ACSSF","ca","140","00","0011655",,,,,"06","107",,,"003903",,,,,,,,,,,,,,,,,,,,,,,,,,,,,,,,,,,"14000US06107003903","Census Tract 39.03",,,,1396,49,86,0,0,41,92,14,239,141,293,27,113,301,3.51,6.16,0,0,2.94,6.59,1,17.12,10.1,20.99,1.93,8.09,21.56
"06107003904","Census Tract 39.04, Tulare County, California","ACSSF","ca","140","00","0011656",,,,,"06","107",,,"003904",,,,,,,,,,,,,,,,,,,,,,,,,,,,,,,,,,,"14000US06107003904","Census Tract 39.04",,,,920,62,115,14,27,12,171,0,20,31,312,23,92,41,6.74,12.5,1.52,2.93,1.3,18.59,0,2.17,3.37,33.91,2.5,10,4.46
"06107004000","Census Tract 40, Tulare County, California","ACSSF","ca","140","00","0011657",,,,,"06","107",,,"004000",,,,,,,,,,,,,,,,,,,,,,,,,,,,,,,,,,,"14000US06107004000","Census Tract 40",,,,11,11,0,0,0,0,0,0,0,0,0,0,0,0,100,0,0,0,0,0,0,0,0,0,0,0,0
"06107004102","Census Tract 41.02, Tulare County, California","ACSSF","ca","140","00","0011658",,,,,"06","107",,,"004102",,,,,,,,,,,,,,,,,,,,,,,,,,,,,,,,,,,"14000US06107004102","Census Tract 41.02",,,,734,70,74,14,48,47,74,15,42,27,232,9,29,53,9.54,10.08,1.91,6.54,6.4,10.08,2.04,5.72,3.68,31.61,1.23,3.95,7.22
"06107004103","Census Tract 41.03, Tulare County, California","ACSSF","ca","140","00","0011659",,,,,"06","107",,,"004103",,,,,,,,,,,,,,,,,,,,,,,,,,,,,,,,,,,"14000US06107004103","Census Tract 41.03",,,,1926,65,302,76,38,97,165,0,230,152,322,190,58,231,3.37,15.68,3.95,1.97,5.04,8.57,0,11.94,7.89,16.72,9.87,3.01,11.99
"06107004104","Census Tract 41.04, Tulare County, California","ACSSF","ca","140","00","0011660",,,,,"06","107",,,"004104",,,,,,,,,,,,,,,,,,,,,,,,,,,,,,,,,,,"14000US06107004104","Census Tract 41.04",,,,2076,340,35,21,0,0,67,39,445,167,328,67,280,287,16.38,1.69,1.01,0,0,3.23,1.88,21.44,8.04,15.8,3.23,13.49,13.82
"06107004200","Census Tract 42, Tulare County, California","ACSSF","ca","140","00","0011661",,,,,"06","107",,,"004200",,,,,,,,,,,,,,,,,,,,,,,,,,,,,,,,,,,"14000US06107004200","Census Tract 42",,,,2229,195,82,128,0,100,151,23,139,109,721,149,211,221,8.75,3.68,5.74,0,4.49,6.77,1.03,6.24,4.89,32.35,6.68,9.47,9.91
"06107004301","Census Tract 43.01, Tulare County, California","ACSSF","ca","140","00","0011662",,,,,"06","107",,,"004301",,,,,,,,,,,,,,,,,,,,,,,,,,,,,,,,,,,"14000US06107004301","Census Tract 43.01",,,,1128,53,102,8,0,31,29,18,26,24,614,32,103,88,4.7,9.04,0.71,0,2.75,2.57,1.6,2.3,2.13,54.43,2.84,9.13,7.8
"06107004302","Census Tract 43.02, Tulare County, California","ACSSF","ca","140","00","0011663",,,,,"06","107",,,"004302",,,,,,,,,,,,,,,,,,,,,,,,,,,,,,,,,,,"14000US06107004302","Census Tract 43.02",,,,909,83,32,22,10,26,29,13,30,36,431,103,37,57,9.13,3.52,2.42,1.1,2.86,3.19,1.43,3.3,3.96,47.41,11.33,4.07,6.27
"06107004401","Census Tract 44.01, Tulare County, California","ACSSF","ca","140","00","0011664",,,,,"06","107",,,"004401",,,,,,,,,,,,,,,,,,,,,,,,,,,,,,,,,,,"14000US06107004401","Census Tract 44.01",,,,1850,84,51,129,41,43,147,0,105,125,755,216,57,97,4.54,2.76,6.97,2.22,2.32,7.95,0,5.68,6.76,40.81,11.68,3.08,5.24
"06107004402","Census Tract 44.02, Tulare County, California","ACSSF","ca","140","00","0011665",,,,,"06","107",,,"004402",,,,,,,,,,,,,,,,,,,,,,,,,,,,,,,,,,,"14000US06107004402","Census Tract 44.02",,,,1399,57,70,48,30,61,0,24,164,131,601,25,96,92,4.07,5,3.43,2.14,4.36,0,1.72,11.72,9.36,42.96,1.79,6.86,6.58
"06107004500","Census Tract 45, Tulare County, California","ACSSF","ca","140","00","0011666",,,,,"06","107",,,"004500",,,,,,,,,,,,,,,,,,,,,,,,,,,,,,,,,,,"14000US06107004500","Census Tract 45",,,,1733,230,179,88,24,46,52,103,144,161,287,149,48,222,13.27,10.33,5.08,1.38,2.65,3,5.94,8.31,9.29,16.56,8.6,2.77,12.81
